model,accuracy,precision,recall,f1,f1_score
svm,0.5892484342379958,0.3469656992084433,0.7341242149337055,0.4712206047032475,0.4712206047032475
perceptron,0.7110299234516354,0.35347043701799485,0.19190509420795535,0.24875621890547264,0.24875621890547264
nn,0.7700069589422408,0.5449392712550607,0.4696441032798325,0.5044977511244377,0.5044977511244377
